{"cameraMode":{"drawMode":0,"name":"Shaded","section":"Shading Mode"},"sceneLighting":false,"audioPlay":false,"sceneViewState":{"showFog":true,"showMaterialUpdate":false,"showSkybox":true,"showFlares":true,"showImageEffects":true,"showParticleSystems":true},"in2DMode":false,"pivot":{"x":62.067020416259769,"y":10.29586410522461,"z":10.089742660522461},"rotation":{"x":0.0314650796353817,"y":0.04196662828326225,"z":-0.001322419848293066,"w":0.9986230731010437},"size":3.3741228580474855,"orthographic":true}