{"cameraMode":{"drawMode":0,"name":"Shaded","section":"Shading Mode"},"sceneLighting":true,"audioPlay":false,"sceneViewState":{"showFog":true,"showMaterialUpdate":false,"showSkybox":true,"showFlares":true,"showImageEffects":true,"showParticleSystems":true},"in2DMode":false,"pivot":{"x":-25.7189998626709,"y":-3.2109999656677248,"z":0.6884307861328125},"rotation":{"x":0.1855153739452362,"y":-0.2298990786075592,"z":0.04469102621078491,"w":0.9543238282203674},"size":5.691356658935547,"orthographic":false}